uuid,date,phase,ecliptic_longitude,source
45f35045-3113-4ac7-8501-b5f6a0225050,2023-01-01,Waxing Gibbous,116.275230374276,Astronomy Engine
036b1bbb-fc70-4ab3-9fda-f9f282943f47,2023-01-02,Waxing Gibbous,127.783395550574,Astronomy Engine
bfb8b885-a6fc-431d-a096-55c7aa1af125,2023-01-03,Waxing Gibbous,139.083304411721,Astronomy Engine
a1c652d2-ea05-4f24-b8b7-d23968eb9d45,2023-01-04,Waxing Gibbous,150.227858326223,Astronomy Engine
d1d0fe8b-4fcf-421f-a1b5-a7067d4e1aab,2023-01-05,Waxing Gibbous,161.259715500812,Astronomy Engine
8d1d2ed3-6f12-42aa-86ea-018bae90d398,2023-01-07,Waning Gibbous,183.108653569928,Astronomy Engine
acdedee8-5cda-472f-972e-c7baa289e92e,2023-01-08,Waning Gibbous,193.97232691298,Astronomy Engine
2ecdd1d6-c6da-4802-919f-3b8343b81b5f,2023-01-09,Waning Gibbous,204.824536452686,Astronomy Engine
40929e6d-5d52-44c2-88ba-027e806e32b4,2023-01-10,Waning Gibbous,215.691955946803,Astronomy Engine
bc32a2c4-d8f9-4b1c-b6e0-d65a404dbeb5,2023-01-11,Waning Gibbous,226.609734993329,Astronomy Engine
a4777690-630b-49dc-9463-2ef2bea810d7,2023-01-12,Waning Gibbous,237.624210792905,Astronomy Engine
f3ffcc3a-59d1-433a-b3b4-cfe59a621d05,2023-01-13,Waning Gibbous,248.793893831468,Astronomy Engine
12496210-b5a6-420f-aa1b-486302365409,2023-01-15,Waning Crescent,271.8830737914,Astronomy Engine
c675c4a0-ccf9-4b4d-a0ad-145e330eb31a,2023-01-16,Waning Crescent,283.955096499272,Astronomy Engine
bb1737bd-24fc-46d6-b111-f084ba5f8628,2023-01-17,Waning Crescent,296.470493856765,Astronomy Engine
1d07cfab-2d13-4107-9720-adea7547b66b,2023-01-18,Waning Crescent,309.471262066937,Astronomy Engine
c8b82036-95fd-4a58-84eb-24466740264f,2023-01-19,Waning Crescent,322.957622581727,Astronomy Engine
4c1102be-5d0e-425c-928d-20dfcaa605dc,2023-01-20,Waning Crescent,336.872148903468,Astronomy Engine
e89c41b7-7634-46aa-aeeb-789d7259d80a,2023-01-22,Waxing Crescent,5.44719846736388,Astronomy Engine
3c63dc86-d0f5-4882-a86e-b7f5e76d7846,2023-01-23,Waxing Crescent,19.7331676480806,Astronomy Engine
25fcdfe9-e638-4449-b86f-cadf4d8decf1,2023-01-24,Waxing Crescent,33.763278720635,Astronomy Engine
35c6773c-5ac6-40c8-bbd3-dde44d7f64b4,2023-01-25,Waxing Crescent,47.3940881648874,Astronomy Engine
37675347-405e-4f20-a0d0-8a51fcc711c5,2023-01-26,Waxing Crescent,60.5446997407723,Astronomy Engine
1a8f6b78-e3e2-4322-bcf2-b99b193bbf0e,2023-01-27,Waxing Crescent,73.1965502758975,Astronomy Engine
7f7fa158-91d1-4d07-a3dd-64a1a833debf,2023-01-29,Waxing Gibbous,97.1577901400904,Astronomy Engine
b01082e2-4f03-4c4d-92a6-0129693fc9ee,2023-01-30,Waxing Gibbous,108.606382393637,Astronomy Engine
df07da48-0194-4b69-8f23-b821bd9f2b2c,2023-01-31,Waxing Gibbous,119.806467818862,Astronomy Engine
78ca70d5-e2ba-4aea-bded-417feb6dca13,2023-02-01,Waxing Gibbous,130.833527276313,Astronomy Engine
b852e8ce-e7f4-4adc-b5c0-2390842cf762,2023-02-02,Waxing Gibbous,141.752955827727,Astronomy Engine
6841d2d3-73aa-437b-a0b1-6892f1015b47,2023-02-03,Waxing Gibbous,152.617587013535,Astronomy Engine
7ff16d78-deb0-4877-b738-e0357b3aae6b,2023-02-04,Waxing Gibbous,163.467671210956,Astronomy Engine
17d32599-7e77-4483-a4d2-bbc57278c229,2023-02-06,Waning Gibbous,185.235646680056,Astronomy Engine
ce1fbec3-bcda-4ac0-a3db-aada4ea76389,2023-02-07,Waning Gibbous,196.195418849191,Astronomy Engine
3935d0ca-a74a-4f25-9f8c-e7a050d923b3,2023-02-08,Waning Gibbous,207.233152125367,Astronomy Engine
95fe31b1-60db-4b4a-92c3-50c0a2438645,2023-02-09,Waning Gibbous,218.375747770364,Astronomy Engine
e5791ec2-2d1c-4f43-aac5-56dc54d2b8a0,2023-02-10,Waning Gibbous,229.659463690532,Astronomy Engine
027d581e-d58b-45e5-a5ab-452170e1ac18,2023-02-11,Waning Gibbous,241.131399688718,Astronomy Engine
5d374f52-13bc-4a24-b58e-54a4ce5f2f05,2023-02-12,Waning Gibbous,252.848358786145,Astronomy Engine
cb874c7a-c8ce-49b6-b111-77694e2f349b,2023-02-14,Waning Crescent,277.265181519132,Astronomy Engine
c2e8d132-1d2b-4d0f-b192-bc2df2098e23,2023-02-15,Waning Crescent,290.07328423,Astronomy Engine
47c9ff77-5e9e-4353-bd60-efa1455fc3a4,2023-02-16,Waning Crescent,303.316793492336,Astronomy Engine
a00c00c1-65f2-4415-91b7-a06983cdb35d,2023-02-17,Waning Crescent,316.971489592283,Astronomy Engine
864cb9ce-0240-4bed-8ee3-912f1dd362f2,2023-02-18,Waning Crescent,330.957729968464,Astronomy Engine
81ee2471-dd4d-473f-9c0c-c97775c449ea,2023-02-19,Waning Crescent,345.140802928002,Astronomy Engine
63486c83-b357-48c5-9828-57e94a4a7376,2023-02-21,Waxing Crescent,13.3943172097554,Astronomy Engine
4660b99b-594a-4378-8a70-dae23aac712b,2023-02-22,Waxing Crescent,27.1227944293164,Astronomy Engine
4990db63-0622-490a-8e53-fcfd2c0122ea,2023-02-23,Waxing Crescent,40.4219198801967,Astronomy Engine
623fe1f3-e92a-4c18-beb4-46ece1765cdd,2023-02-24,Waxing Crescent,53.2392841864912,Astronomy Engine
4c39e05f-5f21-4675-af1f-7455a156cfe4,2023-02-25,Waxing Crescent,65.5763232874188,Astronomy Engine
5dd7092f-ba89-42aa-a8d8-f6518089ea8f,2023-02-26,Waxing Crescent,77.4752500993272,Astronomy Engine
30422062-fbd6-4b7b-866a-5d00311ff1a4,2023-02-28,Waxing Gibbous,100.243402705265,Astronomy Engine
00b4fea2-43c3-41e1-b409-9d6f1258ab3a,2023-03-01,Waxing Gibbous,111.277003466511,Astronomy Engine
9c50ae6d-5b6b-4bef-be83-a5ced82e6fdd,2023-03-02,Waxing Gibbous,122.184293212071,Astronomy Engine
38b9422b-55f5-43e1-92e2-78fc94f7067c,2023-03-03,Waxing Gibbous,133.035832290819,Astronomy Engine
b64280f7-92eb-461d-ac02-c043b6c3a72e,2023-03-04,Waxing Gibbous,143.890664120057,Astronomy Engine
fdbb05e4-7f38-4aea-bdcc-16a202996f7d,2023-03-05,Waxing Gibbous,154.795520144334,Astronomy Engine
6390c68a-1662-47f7-877b-293dbf40c204,2023-03-06,Waxing Gibbous,165.785517165396,Astronomy Engine
e8425588-ddc2-4498-bd10-4de72b530b4e,2023-03-08,Waning Gibbous,188.116108269615,Astronomy Engine
62956925-05a4-48d7-bd5b-31d9c469548c,2023-03-09,Waning Gibbous,199.491500977657,Astronomy Engine
ceab6346-81bd-4c1b-b1d8-ef6eacb95f9f,2023-03-10,Waning Gibbous,211.029362526054,Astronomy Engine
938bbe7d-636a-4f2c-825d-799dd9dc359e,2023-03-11,Waning Gibbous,222.751068644307,Astronomy Engine
f3b5234e-3674-40a7-83dd-ad05160b00f6,2023-03-12,Waning Gibbous,234.683837577243,Astronomy Engine
4e57beda-14f1-4ad4-a24f-09ec5035a419,2023-03-13,Waning Gibbous,246.34720529581,Astronomy Engine
b55784db-55fd-44c9-8304-58536cd8cd0c,2023-03-15,Waning Crescent,271.530970620167,Astronomy Engine
33ad8f31-0f0d-4704-8519-81eaba769ee3,2023-03-16,Waning Crescent,284.590348333777,Astronomy Engine
56b0c59f-e771-411c-95e3-5153fe8e6415,2023-03-17,Waning Crescent,297.953061653394,Astronomy Engine
43d57172-955a-482b-a992-1c67ea32bd39,2023-03-18,Waning Crescent,311.571932711858,Astronomy Engine
7bdbf479-3cf5-4ab4-a977-480d7b863d0c,2023-03-19,Waning Crescent,325.361867196179,Astronomy Engine
0fd2757a-6481-47f4-b528-350241fe75d8,2023-03-20,Waning Crescent,339.205414475985,Astronomy Engine
aae260e0-757c-4ec0-88d1-a91eca624424,2023-03-22,Waxing Crescent,6.51764880241986,Astronomy Engine
64ebb1c2-cc3b-4745-93ef-5e862e6fe45c,2023-03-23,Waxing Crescent,19.7475532734805,Astronomy Engine
31d65eb9-2773-4e1c-9194-afd49899f7d0,2023-03-07,Full Moon,180,Astronomy Engine
e795a151-8daf-462e-8503-84a36f01d511,2023-02-05,Full Moon,180,Astronomy Engine
86368fdb-ed7a-4602-a6d1-1102d4f41d9c,2023-03-14,Last Quarter,270,Astronomy Engine
369cc703-4877-4afa-a214-e96a59cfb1ec,2023-02-20,New Moon,360,Astronomy Engine
3c37a42e-6854-42f8-bc07-54215109cfc2,2023-03-21,New Moon,360,Astronomy Engine
facd9ee1-c73f-4312-839f-8d0107a769eb,2023-01-21,New Moon,360,Astronomy Engine
f80253a4-b4c5-47a4-a212-59454226c1f9,2023-01-14,Last Quarter,270,Astronomy Engine
8676378b-129e-4f21-a93a-3107ec404a44,2023-02-13,Last Quarter,270,Astronomy Engine
a9f73f3a-5d62-4e39-aa97-e62bab619ec1,2023-01-28,First Quarter,90,Astronomy Engine
32069362-394f-469a-88b3-fc28c170949f,2023-03-24,Waxing Crescent,32.5874799353377,Astronomy Engine
6edfa3e1-4738-41ba-8045-83d03d90b678,2023-03-25,Waxing Crescent,45.0093580449943,Astronomy Engine
e8dbc046-1b5c-44b9-8575-1cf127be5f23,2023-03-26,Waxing Crescent,57.0235695835865,Astronomy Engine
f64f2674-ddd6-4018-b536-11be97e1cd6a,2023-03-27,Waxing Crescent,68.6709540248047,Astronomy Engine
1360ff45-6e2c-4969-b0ef-2b9c43cfd065,2023-03-29,Waxing Gibbous,91.1255154719259,Astronomy Engine
5f506770-4a23-491b-998a-a2661d0c00b5,2023-03-30,Waxing Gibbous,102.086309920495,Astronomy Engine
bc0eb9ea-3338-48e9-a623-339554d89f57,2023-03-31,Waxing Gibbous,112.974276281311,Astronomy Engine
a572819c-0222-4b5e-a7f0-ecfaa16ee961,2023-04-01,Waxing Gibbous,123.862700685376,Astronomy Engine
70e5699b-173d-455e-8778-4970cc2428c3,2023-04-02,Waxing Gibbous,134.816701274632,Astronomy Engine
32672e17-a5b8-415c-a9e7-e87f11edb938,2023-04-03,Waxing Gibbous,145.890990957693,Astronomy Engine
d5354aec-f3b8-41a3-bf78-76daaefcfd0f,2023-04-04,Waxing Gibbous,157.128395441129,Astronomy Engine
e68f34bb-2ef5-4989-8223-8296d943de77,2023-04-06,Waning Gibbous,180.202717609884,Astronomy Engine
c8f6eb95-6822-412a-89f5-c6355bcab86e,2023-04-07,Waning Gibbous,192.067287359065,Astronomy Engine
4a46cf96-19a2-437d-8342-85ba70b68442,2023-04-08,Waning Gibbous,204.154356103685,Astronomy Engine
af52ff2a-c6e3-44d4-b892-856700cdb6cb,2023-04-09,Waning Gibbous,216.460093595983,Astronomy Engine
20c2bb2a-f176-4770-9862-630dab4d18ba,2023-04-10,Waning Gibbous,228.977615665869,Astronomy Engine
ddaa4f01-e16a-441f-8ecc-cb2f62045ede,2023-04-11,Waning Gibbous,241.697926609955,Astronomy Engine
b2e7fcb9-cced-4fc9-b1f4-556d1c61eb73,2023-04-12,Waning Gibbous,254.609180071284,Astronomy Engine
256c8bad-d801-4e72-871e-8242b29dab7a,2023-04-14,Waning Crescent,280.926903723922,Astronomy Engine
83f54985-8d06-4672-b38d-f0652bd422e7,2023-04-15,Waning Crescent,294.268908523876,Astronomy Engine
5244dbb3-10e0-4da5-acd7-27b330c20beb,2023-04-16,Waning Crescent,307.667588575478,Astronomy Engine
df6ae04f-4c9e-4cea-bb5c-f9c4caae8d3c,2023-04-17,Waning Crescent,321.056910316743,Astronomy Engine
422c7a93-304f-488b-b657-f86114164e28,2023-04-18,Waning Crescent,334.361654523203,Astronomy Engine
4960f315-2722-4b72-9529-b4baed83d657,2023-04-20,Waxing Crescent,0.416236254151709,Astronomy Engine
d36099aa-9d11-4bf5-84c4-f9e60d4e5e98,2023-04-21,Waxing Crescent,13.0416651167384,Astronomy Engine
d8bbae32-96e3-46ac-9acf-b37b3a1c64e9,2023-04-22,Waxing Crescent,25.3480446320021,Astronomy Engine
cf9abe1c-fbf5-46a3-af64-42498d92e5f5,2023-04-23,Waxing Crescent,37.3265284109578,Astronomy Engine
c259db85-5c7b-4b1a-b0ce-723e9eb7e9d3,2023-04-24,Waxing Crescent,48.9921153892328,Astronomy Engine
7c6e0dd8-a0d5-47e6-ac52-77c035418238,2023-04-25,Waxing Crescent,60.381091775359,Astronomy Engine
d35bfc02-e13e-4b8f-abfa-41d80141d47f,2023-04-26,Waxing Crescent,71.5469605617386,Astronomy Engine
0dbe2675-03cb-4151-94e3-fe65a479c0f6,2023-04-28,Waxing Gibbous,93.4804746854958,Astronomy Engine
696f65a3-4ee4-4251-8ff0-e363bc75f06e,2023-04-29,Waxing Gibbous,104.398282353858,Astronomy Engine
9d051e3a-906a-4c7a-8481-ec9b340efdfb,2023-04-30,Waxing Gibbous,115.385212027187,Astronomy Engine
be8c0729-8221-4a13-ac9d-edb2b69115f2,2023-05-01,Waxing Gibbous,126.513121268091,Astronomy Engine
3537fc15-f19b-4c08-95ee-f67e01693bbb,2023-05-02,Waxing Gibbous,137.845470272192,Astronomy Engine
6882ef58-a335-4ebe-a7ba-d2abc641eef0,2023-05-03,Waxing Gibbous,149.433178270673,Astronomy Engine
27d109be-64f6-4e78-8e8b-1ff76fcf6eaa,2023-05-04,Waxing Gibbous,161.310907189789,Astronomy Engine
e4afe878-3bca-4120-95fb-ceffa3c974ad,2023-05-06,Waning Gibbous,185.977650790794,Astronomy Engine
862b4647-b263-4527-94f9-2d4ed655aad5,2023-05-07,Waning Gibbous,198.735142530047,Astronomy Engine
9af46d1d-5708-4df0-af50-5d25878b4266,2023-05-08,Waning Gibbous,211.722097679944,Astronomy Engine
cdd764a1-c6a8-4cfd-a8e9-b9389ffd7bad,2023-05-09,Waning Gibbous,224.880775528557,Astronomy Engine
d0287fbd-52b0-4aa7-9741-334b692f1e7d,2023-05-10,Waning Gibbous,238.147308314128,Astronomy Engine
a270a71a-1700-4976-b19c-db5256453a2f,2023-05-11,Waning Gibbous,251.458878477459,Astronomy Engine
8c246ff5-dd92-42da-885b-ac40ba7e2db1,2023-05-13,Waning Crescent,278.001365759017,Astronomy Engine
61f5130f-e8bb-4ab4-b8e6-e3d046f5b155,2023-05-14,Waning Crescent,291.147748453351,Astronomy Engine
bdea2e13-0f45-42f2-9ffb-f127ccc4f06f,2023-05-15,Waning Crescent,304.168129556806,Astronomy Engine
494f42a4-f6d4-408d-b1a2-ea5abc127ad1,2023-05-16,Waning Crescent,317.03676066044,Astronomy Engine
333250d6-e224-4dc9-af70-fa9ad2dd367a,2023-05-17,Waning Crescent,329.729947936094,Astronomy Engine
2e45c67d-f8ef-4417-a067-3d7e90ed49fc,2023-05-18,Waning Crescent,342.225132459473,Astronomy Engine
c391175b-97bb-4b77-873a-619ef32169f0,2023-05-20,Waxing Crescent,6.54446020551667,Astronomy Engine
35d434fc-16d4-46ea-a08b-aecdf05b6189,2023-05-21,Waxing Crescent,18.3451529640758,Astronomy Engine
8b587973-75ec-4438-8a20-a3c54721ca54,2023-05-22,Waxing Crescent,29.9075665348932,Astronomy Engine
7228ce6c-e36a-449a-860b-a03df17c110f,2023-05-23,Waxing Crescent,41.2491143580952,Astronomy Engine
204faa5e-3897-4980-9b3d-599ac67085a2,2023-05-24,Waxing Crescent,52.4021714820284,Astronomy Engine
711ff293-4166-404a-ad39-73dc377b94a6,2023-05-25,Waxing Crescent,63.4136587677012,Astronomy Engine
096debd0-7223-46b3-b498-7f7f2e9d1b79,2023-05-26,Waxing Crescent,74.3433004821282,Astronomy Engine
dc7d4e9a-5e77-4132-8563-e01452129f9e,2023-05-28,Waxing Gibbous,96.2441326036855,Astronomy Engine
1742ce26-cabd-448c-85cf-ca924b715f4f,2023-05-29,Waxing Gibbous,107.373104003729,Astronomy Engine
651eb9c9-8e38-4743-9710-1fb18111b028,2023-05-30,Waxing Gibbous,118.727247673081,Astronomy Engine
51af8e39-5902-45e6-9b21-8993cbd39570,2023-05-31,Waxing Gibbous,130.378421000749,Astronomy Engine
cdaad79a-94a1-4fe1-8e57-851f0d25081f,2023-06-01,Waxing Gibbous,142.383933729113,Astronomy Engine
47649212-b2cf-4bee-ab6b-bbc695cea9e4,2023-06-02,Waxing Gibbous,154.778675631341,Astronomy Engine
566e11d7-bf2f-46f4-b1fd-2bd44c7c34a9,2023-06-04,Waning Gibbous,180.71829145489,Astronomy Engine
45c289e7-3cea-49b6-9842-d55027e52067,2023-06-05,Waning Gibbous,194.162770338298,Astronomy Engine
c6b96698-cd71-4e99-aed9-96a8b824b717,2023-06-06,Waning Gibbous,207.800725204138,Astronomy Engine
a1cce65c-30d9-4178-80f3-05b21eb11f98,2023-06-07,Waning Gibbous,221.514830378012,Astronomy Engine
e95e39e2-ac30-45f7-9c98-a3d590399744,2023-06-08,Waning Gibbous,235.18862407151,Astronomy Engine
bb82cfec-8213-4065-ab0a-2ba09567134a,2023-06-09,Waning Gibbous,248.723515157561,Astronomy Engine
dc26aeae-611b-41c0-9fdd-28c7efb7892b,2023-06-11,Waning Crescent,275.128677878008,Astronomy Engine
4e0835e4-0ab5-4d4e-9d63-21be81c895dc,2023-06-12,Waning Crescent,287.949227598849,Astronomy Engine
61e7dd43-ac9e-471a-96f4-7efd6257c88f,2023-06-13,Waning Crescent,300.518681504996,Astronomy Engine
01c47bc4-a20e-4418-b311-e24042250951,2023-05-05,Full Moon,180,Astronomy Engine
7608f296-8f5b-4ef9-bb47-e3da942819ba,2023-06-03,Full Moon,180,Astronomy Engine
06ccce38-5d04-4ff3-95ee-ca6a352b20e0,2023-05-27,First Quarter,90,Astronomy Engine
7f29012b-1776-41ab-afe3-b700e4d70881,2023-04-27,First Quarter,90,Astronomy Engine
fb660cc0-b7a2-4922-b594-03b1043cc4a3,2023-06-10,Last Quarter,270,Astronomy Engine
a5320741-8702-4c80-9372-0512ef18c0bc,2023-05-19,New Moon,360,Astronomy Engine
42ee789a-b53a-4c10-bfcd-6286d331984a,2023-04-13,Last Quarter,270,Astronomy Engine
2a7f21f8-4609-4861-bf7e-a01fe4cadcfb,2023-05-12,Last Quarter,270,Astronomy Engine
8e389163-0e8d-4dda-ae8b-12a17766dd32,2023-04-19,New Moon,360,Astronomy Engine
6a3de5dc-1600-4c68-b2cc-cf6fe06ef26e,2023-06-14,Waning Crescent,312.853897332196,Astronomy Engine
f9e5f88d-572b-4039-9c30-d223c38fbfa2,2023-06-15,Waning Crescent,324.973596001917,Astronomy Engine
757f27ca-7d0f-4ece-972c-eaa99639aa47,2023-06-16,Waning Crescent,336.893594956879,Astronomy Engine
5f24075a-3089-4510-8bb9-d4a5748290d9,2023-06-18,Waxing Crescent,0.176591337351766,Astronomy Engine
4e6a36c6-943e-4e0b-b0a8-05e5d24ebeee,2023-06-19,Waxing Crescent,11.5556778702126,Astronomy Engine
4f5b2c6f-d148-4804-aa51-63f0961b8bb4,2023-06-20,Waxing Crescent,22.774513784294,Astronomy Engine
b0cece26-97f8-46c1-93f4-b6da43b96f01,2023-06-21,Waxing Crescent,33.8531104920773,Astronomy Engine
0aaceda8-ebac-4569-8024-5acb9fffdb62,2023-06-22,Waxing Crescent,44.8225209723992,Astronomy Engine
3cbc4c9f-204e-466b-a6c0-45d3f16c730c,2023-06-23,Waxing Crescent,55.7265556140511,Astronomy Engine
667b5000-afc7-4fc9-b991-44d137672e07,2023-06-24,Waxing Crescent,66.6221191892064,Astronomy Engine
a398626c-e843-4ebf-b1e6-2038ed841fcd,2023-06-25,Waxing Crescent,77.5782384957426,Astronomy Engine
1ae9f5e3-23c0-41af-9f3f-9b6cfbc8e1dc,2023-06-27,Waxing Gibbous,99.9930510454183,Astronomy Engine
9e2bfcc8-e8b3-4811-a184-d8f466481e31,2023-06-28,Waxing Gibbous,111.62071550022,Astronomy Engine
e3a7cb5a-cf9f-40a7-85f1-7ce2fc690cc5,2023-06-29,Waxing Gibbous,123.632934252668,Astronomy Engine
49104d9c-0e7b-4c01-9348-ae250114258d,2023-06-30,Waxing Gibbous,136.087262454934,Astronomy Engine
0aeb5bcf-ffef-451a-833d-52176071792d,2023-07-01,Waxing Gibbous,149.009886605988,Astronomy Engine
2098d6df-7c46-443a-b13d-6fad1622681f,2023-07-02,Waxing Gibbous,162.382855181433,Astronomy Engine
06da7643-9f18-41f5-a7d0-86a8f2780375,2023-07-04,Waning Gibbous,190.148187815743,Astronomy Engine
085bb5d8-ad39-4da7-af69-b1e79ee7b8e3,2023-07-05,Waning Gibbous,204.264217739363,Astronomy Engine
1e559288-599d-4818-9cd6-cd01e61f7372,2023-07-06,Waning Gibbous,218.319387524091,Astronomy Engine
6c1957d9-a1d8-4507-a727-63ebf060af34,2023-07-07,Waning Gibbous,232.168745540144,Astronomy Engine
8ff49b49-1984-4641-94a8-b90f5e396397,2023-07-08,Waning Gibbous,245.708183511899,Astronomy Engine
7904b9ab-9b41-4f1e-b9a2-5b1f37030b75,2023-07-10,Waning Crescent,271.681548571936,Astronomy Engine
ab63c3b0-21e5-429b-8e9e-5ec7ac9ab0a5,2023-07-11,Waning Crescent,284.127024443463,Astronomy Engine
566637e6-96a4-40d3-90f3-7e2482417e87,2023-07-12,Waning Crescent,296.259718084362,Astronomy Engine
b89c1ff2-3f68-494f-92fa-09df9374208f,2023-07-13,Waning Crescent,308.126962138484,Astronomy Engine
5f11d703-11a6-43ad-92c6-4060f3c8134d,2023-07-14,Waning Crescent,319.774171901765,Astronomy Engine
c76b78fa-ad77-45ff-aaff-6b3cecce5103,2023-07-15,Waning Crescent,331.2398390396,Astronomy Engine
fc3202d3-63d1-497b-b707-9a271926d62a,2023-07-16,Waning Crescent,342.553876403513,Astronomy Engine
b1374006-3605-481b-a0ae-78e8f5f6c576,2023-07-18,Waxing Crescent,4.81333877370206,Astronomy Engine
4f0d015a-5c04-40de-b130-f867c4885d31,2023-07-19,Waxing Crescent,15.7961459523479,Astronomy Engine
fd11a376-b292-4544-ba88-c16411e0ecf2,2023-07-20,Waxing Crescent,26.7107095371938,Astronomy Engine
97b8abe3-992d-4823-b56b-8e234f7acf32,2023-07-21,Waxing Crescent,37.5887602139291,Astronomy Engine
9282f7ca-34b8-4801-8e11-2dcc7b02366e,2023-07-22,Waxing Crescent,48.4730817124223,Astronomy Engine
e4a77e61-3223-48e5-8553-be044ec06d2f,2023-07-23,Waxing Crescent,59.4190062823249,Astronomy Engine
f10f1be3-5768-4981-aaa8-a0b07ec0367e,2023-07-24,Waxing Crescent,70.4942628862876,Astronomy Engine
11934b4b-54d0-4d40-ad0a-d3a19b628ccb,2023-07-26,Waxing Gibbous,93.3503498597029,Astronomy Engine
6089708c-a967-4058-904a-154a9ca223c6,2023-07-27,Waxing Gibbous,105.297405068425,Astronomy Engine
6dea2270-0cd5-40d6-8e0a-2b7013785934,2023-07-28,Waxing Gibbous,117.689106750329,Astronomy Engine
94147173-5b0b-47d5-8429-b932445e2c4e,2023-07-29,Waxing Gibbous,130.571517618915,Astronomy Engine
a56655ea-633e-411d-b86c-d9485f416380,2023-07-30,Waxing Gibbous,143.949477714053,Astronomy Engine
0e888a21-6f5f-4092-8c66-8e6da85ede4a,2023-07-31,Waxing Gibbous,157.772357726444,Astronomy Engine
4062aba6-85f0-47b4-9e78-d472d332221d,2023-08-02,Waning Gibbous,186.25637410003,Astronomy Engine
3de47a01-b8c8-4fe9-bf7a-da59cc3aa53d,2023-08-03,Waning Gibbous,200.567472115847,Astronomy Engine
de3985cf-622d-4567-8487-9b6d7378bc22,2023-08-04,Waning Gibbous,214.682821404593,Astronomy Engine
4f889960-659c-4180-b639-cfe113fc4934,2023-08-05,Waning Gibbous,228.462033911164,Astronomy Engine
0133d64b-eda9-40fc-ba91-7843a0669bf1,2023-08-06,Waning Gibbous,241.8204150315,Astronomy Engine
dcdad5a0-275c-40a3-8ca6-eccf24276cef,2023-08-07,Waning Gibbous,254.729496251589,Astronomy Engine
47921703-58b9-4111-aaf9-1f00ebab7225,2023-08-09,Waning Crescent,279.294593541326,Astronomy Engine
f4f264e3-7720-4252-9df5-da90f0abc826,2023-08-10,Waning Crescent,291.056322588123,Astronomy Engine
ffcb916e-0bfe-43dc-a25f-d7e47757770e,2023-08-11,Waning Crescent,302.5546782921,Astronomy Engine
d6d6ba10-0837-451f-8328-66d72bc6466d,2023-08-12,Waning Crescent,313.849600222446,Astronomy Engine
ffa6c519-a9b7-4937-8c71-09f318991cfa,2023-08-13,Waning Crescent,324.992797605549,Astronomy Engine
8f61aa0a-8e6c-47f7-ad43-8c780606d89b,2023-08-14,Waning Crescent,336.02624454818,Astronomy Engine
1a022d3e-c898-44b1-957c-c9b6face86c8,2023-08-15,Waning Crescent,346.983217600722,Astronomy Engine
fea14db0-1911-4e02-b373-4bd2a1799786,2023-08-17,Waxing Crescent,8.77511996822273,Astronomy Engine
0102baff-97cc-4027-9d0b-7166630467bc,2023-08-18,Waxing Crescent,19.6620995141625,Astronomy Engine
886b6f2f-85e3-4bc0-9e2b-47c41efcb4cb,2023-08-19,Waxing Crescent,30.5842556314209,Astronomy Engine
067a8d4d-0918-44e4-915f-895828cd052e,2023-08-20,Waxing Crescent,41.582222598911,Astronomy Engine
7a6c2cbb-a62e-4625-91fa-595f98f303d7,2023-08-21,Waxing Crescent,52.7069562092277,Astronomy Engine
9f5dda06-3f4e-4925-9155-9eda3043217a,2023-08-22,Waxing Crescent,64.0197838126543,Astronomy Engine
0db1db13-9d4f-47d2-be5f-d41181e8b031,2023-08-23,Waxing Crescent,75.5901373242837,Astronomy Engine
a8d95549-0bc8-4ca3-85d5-df033f8b1d84,2023-08-25,Waxing Gibbous,99.7891605146006,Astronomy Engine
c14dbca6-46c6-486a-b5cf-a91f20687f8c,2023-08-26,Waxing Gibbous,112.537290146034,Astronomy Engine
2b498362-6b46-4c0a-bdbf-5a785ee5de47,2023-08-27,Waxing Gibbous,125.755820568623,Astronomy Engine
61bdbfd2-5c85-4581-8049-2c1a4724e6d7,2023-08-28,Waxing Gibbous,139.419755577046,Astronomy Engine
4fa19928-5703-4eaf-86e4-b54687843c2d,2023-08-29,Waxing Gibbous,153.448431380001,Astronomy Engine
4f87b9ed-b751-40b6-8716-1cae321d844c,2023-08-31,Waning Gibbous,182.023526276688,Astronomy Engine
a82e0ac0-9e95-45c6-86bb-c80ded8502fd,2023-09-01,Waning Gibbous,196.216174301243,Astronomy Engine
f4939feb-8771-4766-9435-f478e35c8888,2023-09-02,Waning Gibbous,210.125649600614,Astronomy Engine
fd8d6d04-d7c8-49df-a8ec-1a93294d67e1,2023-09-03,Waning Gibbous,223.638073653557,Astronomy Engine
8f61b7ba-e1d6-4c0e-be00-4c4ee59f3c16,2023-08-30,Full Moon,180,Astronomy Engine
75f998da-ed97-4f78-8ca0-f06975ce48d4,2023-08-01,Full Moon,180,Astronomy Engine
82cdcce1-86af-46a7-85dc-cb1e937720ff,2023-06-26,First Quarter,90,Astronomy Engine
65055932-ef0b-47b8-9f51-903292a0872b,2023-07-09,Last Quarter,270,Astronomy Engine
1affa853-597e-4fc5-9a04-1c8e684a577a,2023-06-17,New Moon,360,Astronomy Engine
03e872f5-1ab3-443a-b613-069fe37c25a0,2023-08-16,New Moon,260,Astronomy Engine
4ef05571-1883-4d0f-9668-9b2bd124bc5f,2023-07-17,New Moon,360,Astronomy Engine
a855d089-02d5-45ac-adad-50158cb2094d,2023-08-08,Last Quarter,270,Astronomy Engine
64d5b2c9-89b5-47a4-9f72-aa9aa91bd8ae,2023-07-25,First Quarter,90,Astronomy Engine
5eee7027-d6a6-4dc1-bff8-a6a23cf71434,2023-09-04,Waning Gibbous,236.694463884255,Astronomy Engine
71616ac1-f7fa-47d4-9d4d-fe6f72901501,2023-09-05,Waning Gibbous,249.286554527814,Astronomy Engine
2ca860d0-64de-4293-8936-51d4e42cbb2a,2023-09-07,Waning Crescent,273.22377524923,Astronomy Engine
849e74fb-2ef5-45bf-b29f-0e84866bbd7b,2023-09-08,Waning Crescent,284.691583767906,Astronomy Engine
2fc55ae4-53be-4d11-80aa-9c67baf78f79,2023-09-09,Waning Crescent,295.919318947129,Astronomy Engine
7818dc40-4b8a-4774-b5f3-83ddfbe75da3,2023-09-10,Waning Crescent,306.975254926183,Astronomy Engine
2d5f8be7-b862-42a4-9dcd-f97628f2d7bc,2023-09-11,Waning Crescent,317.920611960312,Astronomy Engine
c371dcdb-ea1c-497f-ad42-570533ce0d9f,2023-09-12,Waning Crescent,328.807742924302,Astronomy Engine
b0b52d23-12e3-4ed7-b804-d1c47e4425d6,2023-09-13,Waning Crescent,339.680219251173,Astronomy Engine
319fb4ba-f7ef-4c26-8fa7-e5ba0aa707fd,2023-09-15,Waxing Crescent,1.52086759139064,Astronomy Engine
8cc7f58b-d66f-47b5-9899-e576bf4aaec2,2023-09-16,Waxing Crescent,12.5489111921545,Astronomy Engine
37b07bfc-0243-47dc-9d98-13b4cd93b503,2023-09-17,Waxing Crescent,23.6879701962762,Astronomy Engine
19db29c9-17c0-4687-b700-c0905eb2c909,2023-09-18,Waxing Crescent,34.9712322053649,Astronomy Engine
044522f3-2f1d-47cf-8b15-0dec8bb1b1f3,2023-09-19,Waxing Crescent,46.4372289269969,Astronomy Engine
18e40f93-3078-4434-87bf-5b32728e16e1,2023-09-20,Waxing Crescent,58.1299496130815,Astronomy Engine
fb1f2161-9a9a-4b88-9112-8e5c28358022,2023-09-21,Waxing Crescent,70.0968038334909,Astronomy Engine
fcd1d8a5-9bf0-48c4-a8a2-b59f4de174f2,2023-09-23,Waxing Gibbous,95.0292152037833,Astronomy Engine
19ce7325-8002-4f7f-b539-902414915a58,2023-09-24,Waxing Gibbous,108.051566927532,Astronomy Engine
ab112109-1b65-4e84-a072-ac365bf881f9,2023-09-25,Waxing Gibbous,121.440896589879,Astronomy Engine
30b8be37-32db-4983-ad41-9d5a476fd790,2023-09-26,Waxing Gibbous,135.148733256376,Astronomy Engine
dd3cb4ff-11cd-423c-b60d-9a8f1a401349,2023-09-27,Waxing Gibbous,149.08515213974,Astronomy Engine
ac2cec2c-56f4-445a-a3f5-8ce324bbd817,2023-09-28,Waxing Gibbous,163.124690577846,Astronomy Engine
ed90e191-5b62-4dd3-98e0-57e58756f100,2023-09-30,Waning Gibbous,190.93269553584,Astronomy Engine
e682ebf7-43e2-4f37-ac7c-9c5e888b396d,2023-10-01,Waning Gibbous,204.43623476753,Astronomy Engine
751f2f5a-6046-4699-b425-484a6b6c23c9,2023-10-02,Waning Gibbous,217.549257087465,Astronomy Engine
27571243-c179-4d4f-923e-9264a0584a5d,2023-10-03,Waning Gibbous,230.231741443986,Astronomy Engine
4b1397fc-5ead-4804-83b3-a1ab6a4cad9a,2023-10-04,Waning Gibbous,242.483832088261,Astronomy Engine
603da04c-8818-4d10-a4ae-2a0dd95761fc,2023-10-05,Waning Gibbous,254.337864427197,Astronomy Engine
2887dcf9-b913-4a22-8f7a-c63e8d7e8da2,2023-10-07,Waning Crescent,277.085452163916,Astronomy Engine
c2ab50a5-beed-4093-8a86-d2da9751a4dd,2023-10-08,Waning Crescent,288.122323135926,Astronomy Engine
82557b59-5027-49dc-a1fa-b9e8547a09f9,2023-10-09,Waning Crescent,299.03409288843,Astronomy Engine
044369b8-7218-439a-8ef0-386097a3d43d,2023-10-10,Waning Crescent,309.89112396753,Astronomy Engine
ac4635f1-88a0-42f6-816f-24bce63d6a0e,2023-10-11,Waning Crescent,320.756776946661,Astronomy Engine
cea4943b-af49-49ec-abbd-97f1ea813785,2023-10-12,Waning Crescent,331.685779902201,Astronomy Engine
0a505f92-b43e-4e8c-876e-4e3d669cf686,2023-10-13,Waning Crescent,342.723436328375,Astronomy Engine
1ed3a427-ee70-4c20-a7c8-dd44a90a8065,2023-10-15,Waxing Crescent,5.25997937286527,Astronomy Engine
b1bbb7c0-99b5-46f0-8c56-bb3ecc422d2b,2023-10-16,Waxing Crescent,16.8069762015344,Astronomy Engine
ec098844-4d6c-44b6-9239-89f88958aa5d,2023-10-17,Waxing Crescent,28.5623211928851,Astronomy Engine
8f0cf472-e3d0-48c8-aee2-e35e1f1c7319,2023-10-18,Waxing Crescent,40.5384285670862,Astronomy Engine
217e8981-3682-4d8f-9dfb-4a6b1835ce86,2023-10-19,Waxing Crescent,52.7456333423187,Astronomy Engine
22c41f36-51cc-4c74-94fa-391407bfc051,2023-10-20,Waxing Crescent,65.192243961956,Astronomy Engine
ce42793f-8f7b-4f4a-b151-f2cd35d4ff8e,2023-10-22,Waxing Gibbous,90.8155346755184,Astronomy Engine
736c255c-3d53-4fa8-bbbd-fe672c65b4ce,2023-10-23,Waxing Gibbous,103.976115528336,Astronomy Engine
2b03dea7-26f8-4d75-a57a-da0ccf46e8be,2023-10-24,Waxing Gibbous,117.334479993343,Astronomy Engine
fe7f5744-f2f2-4a4d-9826-8feff1b32381,2023-10-25,Waxing Gibbous,130.840479054222,Astronomy Engine
07373855-5546-434b-be75-f5e156fdb5c7,2023-10-26,Waxing Gibbous,144.423311316296,Astronomy Engine
3618b2ff-b4a1-4083-a049-a97c1f97f048,2023-10-27,Waxing Gibbous,157.994922273908,Astronomy Engine
7037232f-5aac-45c0-80a4-74437c6d35eb,2023-10-29,Waning Gibbous,184.717083881019,Astronomy Engine
aafee4bc-38cb-4b3a-a070-1f94795b036e,2023-10-30,Waning Gibbous,197.691119077496,Astronomy Engine
81bbf2b8-0dc5-4d71-a885-8083e410a301,2023-10-31,Waning Gibbous,210.322755542527,Astronomy Engine
3a4f192d-b650-46e9-b3d2-9e0d0bd2d45b,2023-11-01,Waning Gibbous,222.584028385094,Astronomy Engine
7a774f05-7caf-4e6c-a286-24938bcfb19f,2023-11-02,Waning Gibbous,234.477116300134,Astronomy Engine
2ee42778-fe49-45c2-b2ac-44a079072438,2023-11-03,Waning Gibbous,246.031461077514,Astronomy Engine
ecfcef69-b8ae-4dff-8f3f-0a08adba3d24,2023-11-04,Waning Gibbous,257.298562530568,Astronomy Engine
8552aa5d-bf38-4ea3-b0b2-1980e5c17295,2023-11-06,Waning Crescent,279.702089984709,Astronomy Engine
cc0df091-dacf-4a99-a54f-11cd89bd14bb,2023-11-07,Waning Crescent,290.542734940237,Astronomy Engine
3e7e55b3-1fa8-4b44-86cd-6caaff575025,2023-11-08,Waning Crescent,301.404111668413,Astronomy Engine
59040a95-03a2-4946-bf5e-f3558f3f061f,2023-11-09,Waning Crescent,312.36110847172,Astronomy Engine
786e9199-e719-4d7e-bad4-120572936eb4,2023-11-10,Waning Crescent,323.479861355303,Astronomy Engine
17e3340e-b85b-449e-96a1-7934c0a7e786,2023-11-11,Waning Crescent,334.81410061479,Astronomy Engine
3246b74c-5b41-4011-9230-153d86aa0d8b,2023-11-12,Waning Crescent,346.401954800618,Astronomy Engine
ef2b901e-c679-4c8a-b74a-afe86417bc9e,2023-11-14,Waxing Crescent,10.4005294721882,Astronomy Engine
3861afb8-ab70-4f10-8c76-e9a92482dd4b,2023-11-15,Waxing Crescent,22.796019954992,Astronomy Engine
25693092-4454-44b6-9ede-8c2f601c16ee,2023-11-16,Waxing Crescent,35.418791926056,Astronomy Engine
98b8143c-dc93-49dd-9b1f-50834001bca2,2023-11-17,Waxing Crescent,48.2280805248701,Astronomy Engine
1a0ead1a-47c9-43b8-8a65-fd31e37cd573,2023-11-18,Waxing Crescent,61.179915061092,Astronomy Engine
94ecea5c-d2b7-4ac5-8aff-540355f471a6,2023-11-19,Waxing Crescent,74.2325363118587,Astronomy Engine
b05b6472-dbfe-4add-9b29-813d3de66c19,2023-11-21,Waxing Gibbous,100.499806571393,Astronomy Engine
f14d4918-54b5-493e-a1e3-5f5e0af7c036,2023-11-22,Waxing Gibbous,113.655534492286,Astronomy Engine
461a1c6a-f306-49ee-a094-3472b6403e99,2023-11-23,Waxing Gibbous,126.787722060143,Astronomy Engine
4b7e8e1d-00de-4c3a-9954-0657bd59da3a,2023-11-24,Waxing Gibbous,139.862240816664,Astronomy Engine
009b7821-8813-4de1-a525-57181b1fbcad,2023-10-14,New Moon,360,Astronomy Engine
059f7deb-dcad-4448-b379-88639509a1ea,2023-10-28,Full Moon,180,Astronomy Engine
d0fb4a83-bbfd-44b1-9fa4-9d0e454cfa9d,2023-11-05,Last Quarter,270,Astronomy Engine
357042ef-17d0-4de4-ab40-5b59ecb14e6b,2023-11-20,First Quarter,90,Astronomy Engine
dd0ba538-0a03-4d29-8834-03c9203c32d8,2023-09-14,New Moon,360,Astronomy Engine
b0152d1e-adf1-4eec-9bd3-ea7742c4ca99,2023-11-13,New Moon,360,Astronomy Engine
cc97b986-0d38-41b4-8a21-8e122a5486b3,2023-10-06,Last Quarter,270,Astronomy Engine
7b7a07a8-0e27-4df5-b1b9-c1575c6ca11d,2023-09-06,Last Quarter,270,Astronomy Engine
f09a1bab-364a-4f18-b8c4-f6065446b6c9,2023-09-22,First Quarter,90,Astronomy Engine
2afe4971-1e46-4037-9328-cfc9c83c2a0f,2023-11-25,Waxing Gibbous,152.837306592896,Astronomy Engine
f9d2b155-0dfe-40d9-8e6d-99d6e5c1917f,2023-11-26,Waxing Gibbous,165.664209271829,Astronomy Engine
85f9091e-0d23-4c29-a348-48a1ba35b703,2023-11-28,Waning Gibbous,190.672988305985,Astronomy Engine
911ec26f-5946-4f13-8fac-69175ace285e,2023-11-29,Waning Gibbous,202.773390151072,Astronomy Engine
9b2dd382-32bf-443d-83fe-88dc47fe83dd,2023-11-30,Waning Gibbous,214.576561011496,Astronomy Engine
60ef66ca-8941-4804-b7e5-6b11e671f719,2023-12-01,Waning Gibbous,226.088169453693,Astronomy Engine
7a76343e-19e3-4853-a1d6-9874d8537fcf,2023-12-02,Waning Gibbous,237.336609088551,Astronomy Engine
543c8eb9-4bc5-418f-b332-6ade814a748f,2023-12-03,Waning Gibbous,248.371081542379,Astronomy Engine
d9e31773-8166-49d2-beba-53065afa6bce,2023-12-05,Waning Crescent,270.075383424637,Astronomy Engine
ac0a1bbb-19e4-4648-a633-a3af61dcd6cb,2023-12-06,Waning Crescent,280.909810965514,Astronomy Engine
51844b71-419c-4e23-99e9-4e789f8f341c,2023-12-07,Waning Crescent,291.849661906402,Astronomy Engine
39615e48-34db-4824-9f87-51d5fa4f73b8,2023-12-08,Waning Crescent,302.9806981333,Astronomy Engine
0eefa0c0-ee8f-4b09-aa6e-f85fb8115934,2023-12-09,Waning Crescent,314.379712389607,Astronomy Engine
a91e7cec-0ba9-4838-9d03-3ad55e391987,2023-12-10,Waning Crescent,326.107441152411,Astronomy Engine
4ccd8d2e-bb15-41dd-8d59-0997e77cf1ea,2023-12-11,Waning Crescent,338.201007922896,Astronomy Engine
b0085d5d-1df1-4ba2-b1b0-bee26e33ea33,2023-12-13,Waxing Crescent,3.4774882692185,Astronomy Engine
749719b6-a758-4ed9-a5a1-0e7a12507b1e,2023-12-14,Waxing Crescent,16.5705556883274,Astronomy Engine
e14e0c87-5909-49f1-9ab6-e09cc02ee75e,2023-12-15,Waxing Crescent,29.8585600934539,Astronomy Engine
e79b893d-91f8-4df0-803d-23a05b4f8adf,2023-12-16,Waxing Crescent,43.2418429133537,Astronomy Engine
7094b344-e273-4074-a95e-3f104c1f3e13,2023-12-17,Waxing Crescent,56.6251532538422,Astronomy Engine
b6ed9bda-d66b-4c72-8335-ffb4a831cbd4,2023-12-18,Waxing Crescent,69.9314012020783,Astronomy Engine
ee465bb8-5059-4596-9472-182b3b711a4d,2023-12-20,Waxing Gibbous,96.130815898252,Astronomy Engine
57a96afa-f023-4777-a359-d04478544c43,2023-12-21,Waxing Gibbous,108.989398990244,Astronomy Engine
e86d7bf0-7565-45d1-9375-470da4364949,2023-12-22,Waxing Gibbous,121.686679443195,Astronomy Engine
b8d98d4a-5bd6-40b5-a18c-8fc2026b3f04,2023-12-23,Waxing Gibbous,134.225927657606,Astronomy Engine
11fc9419-cbd3-40f8-8a43-18f389bfe4c5,2023-12-24,Waxing Gibbous,146.605250303009,Astronomy Engine
ea9b816d-15ce-4f15-a5b9-29b58103f4a2,2023-12-25,Waxing Gibbous,158.814904008043,Astronomy Engine
55d9f4fe-e736-4ad7-bebf-0866b70fd8c3,2023-12-27,Waning Gibbous,182.658066385388,Astronomy Engine
f5edbc04-0b48-45ff-a667-45e7f82cd4bd,2023-12-28,Waning Gibbous,194.259284696709,Astronomy Engine
450722f8-35e9-4398-95dd-d646b66b58cb,2023-12-29,Waning Gibbous,205.638717457116,Astronomy Engine
3f265380-59d8-4518-b71c-392b7bac8b78,2023-12-30,Waning Gibbous,216.808071459028,Astronomy Engine
f14e1146-7da2-4b4f-bccb-d6905acc48fd,2023-12-31,Waning Gibbous,227.796899504599,Astronomy Engine
f9e99302-32df-404b-bef2-a0412cdff783,2023-01-06,Full Moon,180,Astronomy Engine
ef99cab8-7bb9-40ae-ad32-75ad2ccce11e,2023-12-26,Full Moon,180,Astronomy Engine
e102f7a0-f18a-4d52-a790-478debd7ea19,2023-09-29,Full Moon,180,Astronomy Engine
ab1b9a61-9f17-4b56-a78c-31426449c8dc,2023-07-03,Full Moon,180,Astronomy Engine
3b6c191a-77c2-4581-a3a9-b59fb6105c4b,2023-11-27,Full Moon,180,Astronomy Engine
3f5a8e8b-bc84-4a0b-9bb5-d1129a5126a6,2023-12-12,New Moon,360,Astronomy Engine
1ea71a87-6184-4a2a-9f0e-7e59e56c51da,2023-04-05,Full Moon,180,Astronomy Engine
099ef574-341d-48f4-9314-a97156f0f112,2023-08-24,First Quarter,90,Astronomy Engine
b89ae336-b5fc-407b-bdd8-4cb6b60e95be,2023-10-21,First Quarter,90,Astronomy Engine
3bba1c22-9708-481f-874e-80382128ce94,2023-12-19,First Quarter,90,Astronomy Engine
b3d5844f-c5cf-4b7f-9d8c-d6775679d61c,2023-03-28,First Quarter,90,Astronomy Engine
79b980cd-28dc-40b4-a5d2-8bc6bed427ea,2023-02-27,First Quarter,90,Astronomy Engine
d2858b2b-c022-4e55-8203-54d8f1f6f284,2023-12-04,Last Quarter,270,Astronomy Engine